id,repository,path,line_start,line_end,description,url
C.main,command-center,dashboard_3d.html,806,6330,,https://github.com/flrtemis/command-center/blob/5226291a356ea60116678ece9200b1dc186011a9/dashboard_3d.html#L806-L6330
C.recovered,command-center,recovered/dashboard_3d_may3_pipboy_sage.html,697,4443,,https://github.com/flrtemis/command-center/blob/5226291a356ea60116678ece9200b1dc186011a9/recovered/dashboard_3d_may3_pipboy_sage.html#L697-L4443
C.avatar,command-center,recovered/sage_avatar.js,1,1472,,https://github.com/flrtemis/command-center/blob/5226291a356ea60116678ece9200b1dc186011a9/recovered/sage_avatar.js#L1-L1472
C.bio,command-center,bio_model.py,153,1073,,https://github.com/flrtemis/command-center/blob/5226291a356ea60116678ece9200b1dc186011a9/bio_model.py#L153-L1073
C.metrics,command-center,metrics.py,22,824,,https://github.com/flrtemis/command-center/blob/5226291a356ea60116678ece9200b1dc186011a9/metrics.py#L22-L824
C.dataset,command-center,dataset_analyzer.py,55,1603,,https://github.com/flrtemis/command-center/blob/5226291a356ea60116678ece9200b1dc186011a9/dataset_analyzer.py#L55-L1603
C.demo,command-center,demo/demo_server.py,31,223,,https://github.com/flrtemis/command-center/blob/5226291a356ea60116678ece9200b1dc186011a9/demo/demo_server.py#L31-L223
C.config,command-center,config.yaml,1,74,,https://github.com/flrtemis/command-center/blob/5226291a356ea60116678ece9200b1dc186011a9/config.yaml#L1-L74
C.start,command-center,START-HERE.txt,1,25,,https://github.com/flrtemis/command-center/blob/5226291a356ea60116678ece9200b1dc186011a9/START-HERE.txt#L1-L25
C.gal5,command-center,recovered/galaxy_5k.json,1,1,,https://github.com/flrtemis/command-center/blob/5226291a356ea60116678ece9200b1dc186011a9/recovered/galaxy_5k.json#L1-L1
C.gal25,command-center,recovered/galaxy_25k.json,1,1,,https://github.com/flrtemis/command-center/blob/5226291a356ea60116678ece9200b1dc186011a9/recovered/galaxy_25k.json#L1-L1
C.gal50,command-center,recovered/galaxy_50k.json,1,1,,https://github.com/flrtemis/command-center/blob/5226291a356ea60116678ece9200b1dc186011a9/recovered/galaxy_50k.json#L1-L1
C.logo,command-center,recovered/ArtemisLOGO.png,0,,,https://github.com/flrtemis/command-center/blob/5226291a356ea60116678ece9200b1dc186011a9/recovered/ArtemisLOGO.png
C.narration1,command-center,recovered/The Center Narration.wav,0,,,https://github.com/flrtemis/command-center/blob/5226291a356ea60116678ece9200b1dc186011a9/recovered/The%20Center%20Narration.wav
C.narration2,command-center,recovered/The Workshop.wav,0,,,https://github.com/flrtemis/command-center/blob/5226291a356ea60116678ece9200b1dc186011a9/recovered/The%20Workshop.wav
A.base,agent,agent.py,37,1531,,https://github.com/flrtemis/agent/blob/a09f1d25b0aeb5700f03600618aff34408f3fcf6/agent.py#L37-L1531
A.enhanced,agent,agent2.py,43,2031,,https://github.com/flrtemis/agent/blob/a09f1d25b0aeb5700f03600618aff34408f3fcf6/agent2.py#L43-L2031
A.duplicate,agent,agent.txt,1,2031,,https://github.com/flrtemis/agent/blob/a09f1d25b0aeb5700f03600618aff34408f3fcf6/agent.txt#L1-L2031
A.genesis,agent,genesis.py,1,98,,https://github.com/flrtemis/agent/blob/a09f1d25b0aeb5700f03600618aff34408f3fcf6/genesis.py#L1-L98
A.encode,agent,local_encoder.py,1,16,,https://github.com/flrtemis/agent/blob/a09f1d25b0aeb5700f03600618aff34408f3fcf6/local_encoder.py#L1-L16
A.readaloud,agent,read_aloud.py,1,249,,https://github.com/flrtemis/agent/blob/a09f1d25b0aeb5700f03600618aff34408f3fcf6/read_aloud.py#L1-L249
A.upgrades,agent,upgrades.txt,1,339,,https://github.com/flrtemis/agent/blob/a09f1d25b0aeb5700f03600618aff34408f3fcf6/upgrades.txt#L1-L339
A.voice,agent,en_US-amy-medium.onnx,0,,,https://github.com/flrtemis/agent/blob/a09f1d25b0aeb5700f03600618aff34408f3fcf6/en_US-amy-medium.onnx
A.voicecfg,agent,en_US-amy-medium.onnx.json,1,493,,https://github.com/flrtemis/agent/blob/a09f1d25b0aeb5700f03600618aff34408f3fcf6/en_US-amy-medium.onnx.json#L1-L493
A.calc,agent,tools/calculator.py,1,,,https://github.com/flrtemis/agent/blob/a09f1d25b0aeb5700f03600618aff34408f3fcf6/tools/calculator.py#L1
A.calcSchema,agent,tools/calculator.json,1,,,https://github.com/flrtemis/agent/blob/a09f1d25b0aeb5700f03600618aff34408f3fcf6/tools/calculator.json#L1
A.clock,agent,tools/current_time.py,1,,,https://github.com/flrtemis/agent/blob/a09f1d25b0aeb5700f03600618aff34408f3fcf6/tools/current_time.py#L1
A.clockSchema,agent,tools/current_time.json,1,,,https://github.com/flrtemis/agent/blob/a09f1d25b0aeb5700f03600618aff34408f3fcf6/tools/current_time.json#L1
A.dir,agent,tools/directory_manager.py,1,,,https://github.com/flrtemis/agent/blob/a09f1d25b0aeb5700f03600618aff34408f3fcf6/tools/directory_manager.py#L1
A.dirSchema,agent,tools/directory_manager.json,1,,,https://github.com/flrtemis/agent/blob/a09f1d25b0aeb5700f03600618aff34408f3fcf6/tools/directory_manager.json#L1
A.files,agent,tools/file_manager.py,1,,,https://github.com/flrtemis/agent/blob/a09f1d25b0aeb5700f03600618aff34408f3fcf6/tools/file_manager.py#L1
A.filesSchema,agent,tools/file_manager.json,1,,,https://github.com/flrtemis/agent/blob/a09f1d25b0aeb5700f03600618aff34408f3fcf6/tools/file_manager.json#L1
A.gmail,agent,tools/gmail_email_generator.py,1,,,https://github.com/flrtemis/agent/blob/a09f1d25b0aeb5700f03600618aff34408f3fcf6/tools/gmail_email_generator.py#L1
A.gmailSchema,agent,tools/gmail_email_generator.json,1,,,https://github.com/flrtemis/agent/blob/a09f1d25b0aeb5700f03600618aff34408f3fcf6/tools/gmail_email_generator.json#L1
A.list,agent,tools/list_tools.py,1,,,https://github.com/flrtemis/agent/blob/a09f1d25b0aeb5700f03600618aff34408f3fcf6/tools/list_tools.py#L1
A.listSchema,agent,tools/list_tools.json,1,,,https://github.com/flrtemis/agent/blob/a09f1d25b0aeb5700f03600618aff34408f3fcf6/tools/list_tools.json#L1
A.password,agent,tools/password_generator.py,1,,,https://github.com/flrtemis/agent/blob/a09f1d25b0aeb5700f03600618aff34408f3fcf6/tools/password_generator.py#L1
A.passwordSchema,agent,tools/password_generator.json,1,,,https://github.com/flrtemis/agent/blob/a09f1d25b0aeb5700f03600618aff34408f3fcf6/tools/password_generator.json#L1
A.python,agent,tools/python_interpreter.py,1,,,https://github.com/flrtemis/agent/blob/a09f1d25b0aeb5700f03600618aff34408f3fcf6/tools/python_interpreter.py#L1
A.pythonSchema,agent,tools/python_interpreter.json,1,,,https://github.com/flrtemis/agent/blob/a09f1d25b0aeb5700f03600618aff34408f3fcf6/tools/python_interpreter.json#L1
A.fetch,agent,tools/simple_web_fetcher.py,1,,,https://github.com/flrtemis/agent/blob/a09f1d25b0aeb5700f03600618aff34408f3fcf6/tools/simple_web_fetcher.py#L1
A.fetchSchema,agent,tools/simple_web_fetcher.json,1,,,https://github.com/flrtemis/agent/blob/a09f1d25b0aeb5700f03600618aff34408f3fcf6/tools/simple_web_fetcher.json#L1
A.scrape,agent,tools/web_scraper.py,1,,,https://github.com/flrtemis/agent/blob/a09f1d25b0aeb5700f03600618aff34408f3fcf6/tools/web_scraper.py#L1
A.scrapeSchema,agent,tools/web_scraper.json,1,,,https://github.com/flrtemis/agent/blob/a09f1d25b0aeb5700f03600618aff34408f3fcf6/tools/web_scraper.json#L1
R.agent,local_ollama_arena_agent,local_arena_agent/agent.py,1,,,https://github.com/flrtemis/local_ollama_arena_agent/blob/c95d307abd2435e2598e94dbbaee5f343e688ba4/local_arena_agent/agent.py#L1
R.tools,local_ollama_arena_agent,local_arena_agent/tools/base.py,1,,,https://github.com/flrtemis/local_ollama_arena_agent/blob/c95d307abd2435e2598e94dbbaee5f343e688ba4/local_arena_agent/tools/base.py#L1
R.toolboot,local_ollama_arena_agent,local_arena_agent/tools/__init__.py,1,,,https://github.com/flrtemis/local_ollama_arena_agent/blob/c95d307abd2435e2598e94dbbaee5f343e688ba4/local_arena_agent/tools/__init__.py#L1
R.workspace,local_ollama_arena_agent,local_arena_agent/workspace.py,1,,,https://github.com/flrtemis/local_ollama_arena_agent/blob/c95d307abd2435e2598e94dbbaee5f343e688ba4/local_arena_agent/workspace.py#L1
R.server,local_ollama_arena_agent,local_arena_agent/server.py,1,,,https://github.com/flrtemis/local_ollama_arena_agent/blob/c95d307abd2435e2598e94dbbaee5f343e688ba4/local_arena_agent/server.py#L1
R.config,local_ollama_arena_agent,local_arena_agent/config.py,1,,,https://github.com/flrtemis/local_ollama_arena_agent/blob/c95d307abd2435e2598e94dbbaee5f343e688ba4/local_arena_agent/config.py#L1
R.ollama,local_ollama_arena_agent,local_arena_agent/ollama.py,1,,,https://github.com/flrtemis/local_ollama_arena_agent/blob/c95d307abd2435e2598e94dbbaee5f343e688ba4/local_arena_agent/ollama.py#L1
R.entry,local_ollama_arena_agent,local_arena_agent/__main__.py,1,,,https://github.com/flrtemis/local_ollama_arena_agent/blob/c95d307abd2435e2598e94dbbaee5f343e688ba4/local_arena_agent/__main__.py#L1
R.init,local_ollama_arena_agent,local_arena_agent/__init__.py,1,,,https://github.com/flrtemis/local_ollama_arena_agent/blob/c95d307abd2435e2598e94dbbaee5f343e688ba4/local_arena_agent/__init__.py#L1
R.run,local_ollama_arena_agent,run.py,1,,,https://github.com/flrtemis/local_ollama_arena_agent/blob/c95d307abd2435e2598e94dbbaee5f343e688ba4/run.py#L1
R.files,local_ollama_arena_agent,local_arena_agent/tools/files.py,1,,,https://github.com/flrtemis/local_ollama_arena_agent/blob/c95d307abd2435e2598e94dbbaee5f343e688ba4/local_arena_agent/tools/files.py#L1
R.bash,local_ollama_arena_agent,local_arena_agent/tools/bash.py,1,,,https://github.com/flrtemis/local_ollama_arena_agent/blob/c95d307abd2435e2598e94dbbaee5f343e688ba4/local_arena_agent/tools/bash.py#L1
R.docs,local_ollama_arena_agent,local_arena_agent/tools/documents.py,1,,,https://github.com/flrtemis/local_ollama_arena_agent/blob/c95d307abd2435e2598e94dbbaee5f343e688ba4/local_arena_agent/tools/documents.py#L1
R.media,local_ollama_arena_agent,local_arena_agent/tools/media.py,1,,,https://github.com/flrtemis/local_ollama_arena_agent/blob/c95d307abd2435e2598e94dbbaee5f343e688ba4/local_arena_agent/tools/media.py#L1
R.web,local_ollama_arena_agent,local_arena_agent/tools/web.py,1,,,https://github.com/flrtemis/local_ollama_arena_agent/blob/c95d307abd2435e2598e94dbbaee5f343e688ba4/local_arena_agent/tools/web.py#L1
R.catalog,local_ollama_arena_agent,uploads/arena-ai-agent-full-model-and-capabilities-list.json,1,,,https://github.com/flrtemis/local_ollama_arena_agent/blob/c95d307abd2435e2598e94dbbaee5f343e688ba4/uploads/arena-ai-agent-full-model-and-capabilities-list.json#L1
R.security,local_ollama_arena_agent,SECURITY.md,1,,,https://github.com/flrtemis/local_ollama_arena_agent/blob/c95d307abd2435e2598e94dbbaee5f343e688ba4/SECURITY.md#L1
R.readme,local_ollama_arena_agent,README.md,1,,,https://github.com/flrtemis/local_ollama_arena_agent/blob/c95d307abd2435e2598e94dbbaee5f343e688ba4/README.md#L1
R.mapping,local_ollama_arena_agent,docs/CAPABILITY_MAPPING.md,1,,,https://github.com/flrtemis/local_ollama_arena_agent/blob/c95d307abd2435e2598e94dbbaee5f343e688ba4/docs/CAPABILITY_MAPPING.md#L1
G.app,gemma-avatar,src/app.js,1,,,https://github.com/flrtemis/gemma-avatar/blob/c4becc81781fc59d0cf6d7ff52f6099f9943f7b8/src/app.js#L1
G.client,gemma-avatar,src/s2s/s2s-ws-client.js,1,,,https://github.com/flrtemis/gemma-avatar/blob/c4becc81781fc59d0cf6d7ff52f6099f9943f7b8/src/s2s/s2s-ws-client.js#L1
G.codec,gemma-avatar,src/s2s/codec.js,1,,,https://github.com/flrtemis/gemma-avatar/blob/c4becc81781fc59d0cf6d7ff52f6099f9943f7b8/src/s2s/codec.js#L1
G.avatar,gemma-avatar,src/avatar.js,1,,,https://github.com/flrtemis/gemma-avatar/blob/c4becc81781fc59d0cf6d7ff52f6099f9943f7b8/src/avatar.js#L1
G.mic,gemma-avatar,public/worklets/mic-capture.js,1,,,https://github.com/flrtemis/gemma-avatar/blob/c4becc81781fc59d0cf6d7ff52f6099f9943f7b8/public/worklets/mic-capture.js#L1
G.play,gemma-avatar,public/worklets/audio-playback.js,1,,,https://github.com/flrtemis/gemma-avatar/blob/c4becc81781fc59d0cf6d7ff52f6099f9943f7b8/public/worklets/audio-playback.js#L1
G.server,gemma-avatar,index.ts,1,,,https://github.com/flrtemis/gemma-avatar/blob/c4becc81781fc59d0cf6d7ff52f6099f9943f7b8/index.ts#L1
G.launcher,gemma-avatar,local_s2s_launcher.py,1,,,https://github.com/flrtemis/gemma-avatar/blob/c4becc81781fc59d0cf6d7ff52f6099f9943f7b8/local_s2s_launcher.py#L1
G.download,gemma-avatar,download_tts_assets.py,1,,,https://github.com/flrtemis/gemma-avatar/blob/c4becc81781fc59d0cf6d7ff52f6099f9943f7b8/download_tts_assets.py#L1
G.s2sstart,gemma-avatar,start-speech-to-speech.sh,1,,,https://github.com/flrtemis/gemma-avatar/blob/c4becc81781fc59d0cf6d7ff52f6099f9943f7b8/start-speech-to-speech.sh#L1
G.runall,gemma-avatar,run-all-local.sh,1,,,https://github.com/flrtemis/gemma-avatar/blob/c4becc81781fc59d0cf6d7ff52f6099f9943f7b8/run-all-local.sh#L1
G.ollamastart,gemma-avatar,start-ollama.sh,1,,,https://github.com/flrtemis/gemma-avatar/blob/c4becc81781fc59d0cf6d7ff52f6099f9943f7b8/start-ollama.sh#L1
G.frontendstart,gemma-avatar,start-avatar-frontend.sh,1,,,https://github.com/flrtemis/gemma-avatar/blob/c4becc81781fc59d0cf6d7ff52f6099f9943f7b8/start-avatar-frontend.sh#L1
G.style,gemma-avatar,src/style.css,1,,,https://github.com/flrtemis/gemma-avatar/blob/c4becc81781fc59d0cf6d7ff52f6099f9943f7b8/src/style.css#L1
G.index,gemma-avatar,index.html,1,,,https://github.com/flrtemis/gemma-avatar/blob/c4becc81781fc59d0cf6d7ff52f6099f9943f7b8/index.html#L1
G.sha,gemma-avatar,SHA256SUMS.txt,1,,,https://github.com/flrtemis/gemma-avatar/blob/c4becc81781fc59d0cf6d7ff52f6099f9943f7b8/SHA256SUMS.txt#L1
G.requirements,gemma-avatar,gemma-avatar-s2s-requirements-lock.txt,1,,,https://github.com/flrtemis/gemma-avatar/blob/c4becc81781fc59d0cf6d7ff52f6099f9943f7b8/gemma-avatar-s2s-requirements-lock.txt#L1
G.package,gemma-avatar,package.json,1,,,https://github.com/flrtemis/gemma-avatar/blob/c4becc81781fc59d0cf6d7ff52f6099f9943f7b8/package.json#L1
G.test,gemma-avatar,test-tools.sh,1,,,https://github.com/flrtemis/gemma-avatar/blob/c4becc81781fc59d0cf6d7ff52f6099f9943f7b8/test-tools.sh#L1
G.readme,gemma-avatar,README.md,1,,,https://github.com/flrtemis/gemma-avatar/blob/c4becc81781fc59d0cf6d7ff52f6099f9943f7b8/README.md#L1
G.guide,gemma-avatar,SETUP-GUIDE.md,1,,,https://github.com/flrtemis/gemma-avatar/blob/c4becc81781fc59d0cf6d7ff52f6099f9943f7b8/SETUP-GUIDE.md#L1
G.docker,gemma-avatar,Dockerfile,1,,,https://github.com/flrtemis/gemma-avatar/blob/c4becc81781fc59d0cf6d7ff52f6099f9943f7b8/Dockerfile#L1
G.bundle,gemma-avatar,gemma-avatar.bundle,0,,,https://github.com/flrtemis/gemma-avatar/blob/c4becc81781fc59d0cf6d7ff52f6099f9943f7b8/gemma-avatar.bundle
G.glb,gemma-avatar,public/avatars/brunette.glb,0,,,https://github.com/flrtemis/gemma-avatar/blob/c4becc81781fc59d0cf6d7ff52f6099f9943f7b8/public/avatars/brunette.glb
G.placeholder1,gemma-avatar,models/qwen3-tts-gguf/qwen-talker-1.7b-customvoice-BF16.txt,1,,,https://github.com/flrtemis/gemma-avatar/blob/c4becc81781fc59d0cf6d7ff52f6099f9943f7b8/models/qwen3-tts-gguf/qwen-talker-1.7b-customvoice-BF16.txt#L1
G.placeholder2,gemma-avatar,models/qwen3-tts-gguf/qwen-tokenizer-12hz-BF16.txt,1,,,https://github.com/flrtemis/gemma-avatar/blob/c4becc81781fc59d0cf6d7ff52f6099f9943f7b8/models/qwen3-tts-gguf/qwen-tokenizer-12hz-BF16.txt#L1
S.daemon,Sage,awake/daemon.py,1,,,https://github.com/flrtemis/Sage/blob/701f917eab403c32263deb08a85de24f59514518/awake/daemon.py#L1
S.mind,Sage,awake/mind.py,1,,,https://github.com/flrtemis/Sage/blob/701f917eab403c32263deb08a85de24f59514518/awake/mind.py#L1
S.memory,Sage,awake/memory.py,1,,,https://github.com/flrtemis/Sage/blob/701f917eab403c32263deb08a85de24f59514518/awake/memory.py#L1
S.state,Sage,awake/state.py,1,,,https://github.com/flrtemis/Sage/blob/701f917eab403c32263deb08a85de24f59514518/awake/state.py#L1
S.self,Sage,awake/selfmodel.py,1,,,https://github.com/flrtemis/Sage/blob/701f917eab403c32263deb08a85de24f59514518/awake/selfmodel.py#L1
S.clock,Sage,awake/clock.py,1,,,https://github.com/flrtemis/Sage/blob/701f917eab403c32263deb08a85de24f59514518/awake/clock.py#L1
S.backend,Sage,awake/backends.py,1,,,https://github.com/flrtemis/Sage/blob/701f917eab403c32263deb08a85de24f59514518/awake/backends.py#L1
S.server,Sage,awake/server.py,1,,,https://github.com/flrtemis/Sage/blob/701f917eab403c32263deb08a85de24f59514518/awake/server.py#L1
S.ui,Sage,awake/web/index.html,1,,,https://github.com/flrtemis/Sage/blob/701f917eab403c32263deb08a85de24f59514518/awake/web/index.html#L1
S.config,Sage,awake/config.py,1,,,https://github.com/flrtemis/Sage/blob/701f917eab403c32263deb08a85de24f59514518/awake/config.py#L1
S.entry,Sage,awake/__main__.py,1,,,https://github.com/flrtemis/Sage/blob/701f917eab403c32263deb08a85de24f59514518/awake/__main__.py#L1
S.init,Sage,awake/__init__.py,1,,,https://github.com/flrtemis/Sage/blob/701f917eab403c32263deb08a85de24f59514518/awake/__init__.py#L1
S.run,Sage,run.sh,1,,,https://github.com/flrtemis/Sage/blob/701f917eab403c32263deb08a85de24f59514518/run.sh#L1
S.service,Sage,awake.service,1,,,https://github.com/flrtemis/Sage/blob/701f917eab403c32263deb08a85de24f59514518/awake.service#L1
S.start,Sage,START-HERE.txt,1,,,https://github.com/flrtemis/Sage/blob/701f917eab403c32263deb08a85de24f59514518/START-HERE.txt#L1
S.update,Sage,UPDATE-HOW-TO.txt,1,,,https://github.com/flrtemis/Sage/blob/701f917eab403c32263deb08a85de24f59514518/UPDATE-HOW-TO.txt#L1
S.tests1,Sage,tests/test_continuity.py,1,,,https://github.com/flrtemis/Sage/blob/701f917eab403c32263deb08a85de24f59514518/tests/test_continuity.py#L1
S.tests2,Sage,tests/test_lookback.py,1,,,https://github.com/flrtemis/Sage/blob/701f917eab403c32263deb08a85de24f59514518/tests/test_lookback.py#L1
S.tests3,Sage,tests/test_ollama_path.py,1,,,https://github.com/flrtemis/Sage/blob/701f917eab403c32263deb08a85de24f59514518/tests/test_ollama_path.py#L1
S.data,Sage,tree:data,0,,Sensitive user state; contents deliberately omitted from this audit package.,https://github.com/flrtemis/Sage/tree/701f917eab403c32263deb08a85de24f59514518/data
N.trainer,neural-sim,trainer.py,1,,,https://github.com/flrtemis/neural-sim/blob/b51dda76eaee4347efce6156f98ddaed71ddf7d9/trainer.py#L1
N.hooks,neural-sim,hooks.py,1,,,https://github.com/flrtemis/neural-sim/blob/b51dda76eaee4347efce6156f98ddaed71ddf7d9/hooks.py#L1
N.metrics,neural-sim,metrics.py,1,,,https://github.com/flrtemis/neural-sim/blob/b51dda76eaee4347efce6156f98ddaed71ddf7d9/metrics.py#L1
N.bio,neural-sim,bio_model.py,1,,,https://github.com/flrtemis/neural-sim/blob/b51dda76eaee4347efce6156f98ddaed71ddf7d9/bio_model.py#L1
N.dataset,neural-sim,dataset_analyzer.py,1,,,https://github.com/flrtemis/neural-sim/blob/b51dda76eaee4347efce6156f98ddaed71ddf7d9/dataset_analyzer.py#L1
N.selfmod,neural-sim,self_modify.py,1,,,https://github.com/flrtemis/neural-sim/blob/b51dda76eaee4347efce6156f98ddaed71ddf7d9/self_modify.py#L1
N.trainingServer,neural-sim,server.py,1,,,https://github.com/flrtemis/neural-sim/blob/b51dda76eaee4347efce6156f98ddaed71ddf7d9/server.py#L1
N.workspaceServer,neural-sim,dashboard_server.py,1,,,https://github.com/flrtemis/neural-sim/blob/b51dda76eaee4347efce6156f98ddaed71ddf7d9/dashboard_server.py#L1
N.dashboard,neural-sim,dashboard_3d.html,1,,,https://github.com/flrtemis/neural-sim/blob/b51dda76eaee4347efce6156f98ddaed71ddf7d9/dashboard_3d.html#L1
N.launch,neural-sim,launch.py,1,,,https://github.com/flrtemis/neural-sim/blob/b51dda76eaee4347efce6156f98ddaed71ddf7d9/launch.py#L1
N.loader,neural-sim,model_loader.py,1,,,https://github.com/flrtemis/neural-sim/blob/b51dda76eaee4347efce6156f98ddaed71ddf7d9/model_loader.py#L1
N.mesh,neural-sim,prepare_model.py,1,,,https://github.com/flrtemis/neural-sim/blob/b51dda76eaee4347efce6156f98ddaed71ddf7d9/prepare_model.py#L1
N.readme,neural-sim,README.md,1,,,https://github.com/flrtemis/neural-sim/blob/b51dda76eaee4347efce6156f98ddaed71ddf7d9/README.md#L1
N.improvements,neural-sim,IMPROVEMENTS.md,1,,,https://github.com/flrtemis/neural-sim/blob/b51dda76eaee4347efce6156f98ddaed71ddf7d9/IMPROVEMENTS.md#L1
U.initial,universe,Initial-Blueprint.txt,1,,,https://github.com/flrtemis/universe/blob/458915e762dc25b280aeebca3728f5bbe961c87f/Initial-Blueprint.txt#L1
U.blueprint,universe,living_avatar_subjective_experience_blueprint_v0_3.md,1,,,https://github.com/flrtemis/universe/blob/458915e762dc25b280aeebca3728f5bbe961c87f/living_avatar_subjective_experience_blueprint_v0_3.md#L1
U.readme,universe,README.md,1,,,https://github.com/flrtemis/universe/blob/458915e762dc25b280aeebca3728f5bbe961c87f/README.md#L1
